velocity,mean_velocity,std_velocity,max_velocity,min_velocity
-0.5221666,-0.71167725,0.0938262,-0.5221666,-0.87826765
-0.5357265,-0.71204656,0.093113214,-0.5357265,-0.87826765
-0.6513622,-0.7115753,0.09405921,-0.5121642,-0.87826765
-0.75010496,-0.71013933,0.09550447,-0.5121642,-0.87826765
-0.8782269,-0.70847803,0.095517285,-0.5121642,-0.87826765
-0.84141654,-0.70674485,0.09317904,-0.5121642,-0.87826765
-0.732263,-0.705691,0.09193967,-0.5121642,-0.87826765
-0.64413464,-0.707049,0.09281939,-0.5121642,-0.87826765
-0.63264847,-0.71009576,0.09320371,-0.5121642,-0.87826765
-0.67301965,-0.7132253,0.093177676,-0.5121642,-0.87826765
-0.770941,-0.7147569,0.09313362,-0.5121642,-0.87826765
-0.85004944,-0.7147874,0.09315228,-0.5121642,-0.87826765
-0.87826765,-0.7142459,0.0924403,-0.5121642,-0.87826765
-0.8317053,-0.71433616,0.092602454,-0.5121642,-0.8827803
-0.6914948,-0.7145413,0.092873216,-0.5121642,-0.8827803
-0.5979084,-0.7150043,0.092814855,-0.5121642,-0.8827803
-0.5995856,-0.71517634,0.092605375,-0.5121642,-0.8827803
-0.6209695,-0.7143322,0.09383922,-0.5121642,-0.8827803
-0.732025,-0.71291083,0.09576124,-0.5121642,-0.8827803
-0.8007604,-0.7108898,0.09640077,-0.5121642,-0.8827803
-0.77988255,-0.7093809,0.09556914,-0.5121642,-0.8827803
-0.73795503,-0.7108215,0.097150885,-0.5121642,-0.8827803
-0.63511294,-0.71291894,0.098831445,-0.5121642,-0.8827803
-0.6432817,-0.7153305,0.09837352,-0.5121642,-0.8827803
-0.7070798,-0.7157498,0.09810989,-0.5121642,-0.8827803
-0.7787679,-0.71465117,0.09850754,-0.5121642,-0.8827803
-0.7484519,-0.71286184,0.09813849,-0.5121642,-0.8827803
-0.71030444,-0.7136816,0.09860239,-0.5121642,-0.8827803
-0.61725694,-0.716902,0.10103879,-0.5121642,-0.8827803
-0.6111133,-0.7223848,0.1029038,-0.5121642,-0.89140093
-0.67997396,-0.72666013,0.10263239,-0.5121642,-0.89140093
-0.76012975,-0.7263052,0.10282381,-0.5121642,-0.89140093
-0.87584126,-0.7219893,0.10579916,-0.5121642,-0.89140093
-0.8543258,-0.7144569,0.10796207,-0.49922344,-0.89140093
-0.78766406,-0.7078604,0.10928281,-0.49922344,-0.89140093
-0.6678213,-0.7049937,0.10903148,-0.49922344,-0.89140093
-0.6191534,-0.7063843,0.10899188,-0.49922344,-0.89140093
-0.63925564,-0.7086516,0.10833082,-0.49922344,-0.89140093
-0.7277951,-0.7097203,0.10790369,-0.49922344,-0.89140093
-0.80913836,-0.7073719,0.1087591,-0.49922344,-0.89140093
-0.822558,-0.7030487,0.10892408,-0.49922344,-0.89140093
-0.78554916,-0.6992387,0.10800492,-0.49922344,-0.89140093
-0.6580569,-0.6983837,0.10748623,-0.49922344,-0.89140093
-0.55661327,-0.7025001,0.10977961,-0.49922344,-0.89140093
-0.56968176,-0.70857465,0.109942354,-0.49922344,-0.89140093
-0.63820755,-0.71390146,0.10953516,-0.49922344,-0.89140093
-0.74831444,-0.715816,0.10903083,-0.49922344,-0.89140093
-0.78215134,-0.71574247,0.10901012,-0.49922344,-0.89140093
-0.74355274,-0.7152449,0.10876239,-0.49922344,-0.89140093
-0.6540975,-0.71620476,0.10921876,-0.49922344,-0.89140093
-0.5406308,-0.7181693,0.10896706,-0.49922344,-0.89140093
-0.5121642,-0.71942115,0.10726636,-0.49922344,-0.89140093
-0.57956296,-0.71904993,0.10801261,-0.49360064,-0.89140093
-0.66703904,-0.71708333,0.111376986,-0.4812361,-0.89140093
-0.7915681,-0.71493614,0.11333887,-0.4812361,-0.89140093
-0.7887234,-0.71319413,0.11281582,-0.4812361,-0.89140093
-0.8001636,-0.7124266,0.11242923,-0.4812361,-0.89140093
-0.79647464,-0.7113106,0.11182816,-0.4812361,-0.89140093
-0.78912205,-0.70906454,0.111221276,-0.4812361,-0.89140093
-0.74960405,-0.70580995,0.1112119,-0.4812361,-0.89140093
-0.7724668,-0.70225,0.1125934,-0.4812361,-0.89140093
-0.82297075,-0.6995495,0.11249614,-0.4812361,-0.89140093
-0.8827803,-0.69735986,0.11112972,-0.4812361,-0.89140093
-0.8419629,-0.6967746,0.110225156,-0.4812361,-0.89140093
-0.71464604,-0.69867074,0.113473944,-0.4812361,-0.9367683
-0.6065107,-0.70228004,0.11674746,-0.4812361,-0.9367683
-0.55738205,-0.7063916,0.11692217,-0.4812361,-0.9367683
-0.5498988,-0.70932144,0.1149707,-0.4812361,-0.9367683
-0.6309701,-0.7118094,0.11281976,-0.4812361,-0.9367683
-0.72531825,-0.71288407,0.11229931,-0.4812361,-0.9367683
-0.85191476,-0.71257204,0.112286,-0.4812361,-0.9367683
-0.84282243,-0.7110779,0.11091057,-0.4812361,-0.9367683
-0.7556896,-0.7090591,0.109402575,-0.4812361,-0.9367683
-0.66424376,-0.70722663,0.10937349,-0.4812361,-0.9367683
-0.6521519,-0.7058853,0.11029976,-0.4812361,-0.9367683
-0.6893052,-0.7045555,0.11133547,-0.4812361,-0.9367683
-0.78943664,-0.7036157,0.11165811,-0.4812361,-0.9367683
-0.87132114,-0.70319617,0.11137395,-0.4812361,-0.9367683
-0.89140093,-0.7030179,0.11111144,-0.4812361,-0.9367683
-0.824884,-0.7023638,0.11009226,-0.4812361,-0.9367683
-0.6622216,-0.7022301,0.10994723,-0.4812361,-0.9367683
-0.544339,-0.7036286,0.10987414,-0.4812361,-0.9367683
-0.49922344,-0.70580447,0.10775499,-0.4812361,-0.9367683
-0.52449614,-0.70797753,0.10461687,-0.4812361,-0.9367683
-0.64432997,-0.7101756,0.10185696,-0.4812361,-0.9367683
-0.73734736,-0.71155,0.10142191,-0.4812361,-0.9367683
-0.73252237,-0.71266454,0.10200383,-0.4812361,-0.9367683
-0.69268733,-0.7142149,0.10287923,-0.4812361,-0.9367683
-0.6103769,-0.71561104,0.10305114,-0.4812361,-0.9367683
-0.59297466,-0.7164555,0.10235601,-0.4812361,-0.9367683
-0.6320655,-0.7161085,0.10280252,-0.4812361,-0.9367683
-0.7427971,-0.7152762,0.10364457,-0.4812361,-0.9367683
-0.8638742,-0.713441,0.103952944,-0.4812361,-0.9367683
-0.8603483,-0.71132684,0.101927124,-0.4812361,-0.9367683
-0.8360167,-0.70932287,0.09994328,-0.4812361,-0.9367683
-0.7339348,-0.7077192,0.09853083,-0.4812361,-0.9367683
-0.74463826,-0.7068585,0.09848603,-0.4812361,-0.9367683
-0.75727594,-0.70428485,0.09914434,-0.4812361,-0.9367683
-0.7915436,-0.7015343,0.09954299,-0.4812361,-0.9367683
-0.75232047,-0.69897157,0.09883965,-0.4812361,-0.9367683
-0.6032308,-0.6988052,0.09875673,-0.4812361,-0.9367683
-0.49360064,-0.70207113,0.09824078,-0.4812361,-0.9367683
-0.4812361,-0.7068187,0.09368153,-0.4812361,-0.9367683
-0.559672,-0.7096738,0.08881183,-0.559672,-0.9367683
-0.70446736,-0.7092566,0.08956116,-0.53881645,-0.9367683
-0.75034815,-0.70634735,0.091999106,-0.53881645,-0.9367683
-0.74436873,-0.703817,0.09249262,-0.53881645,-0.9367683
-0.684167,-0.703062,0.09231242,-0.53881645,-0.9367683
-0.6263931,-0.70297605,0.09233197,-0.53881645,-0.9367683
-0.571605,-0.7044211,0.091685236,-0.53881645,-0.9367683
-0.6374397,-0.7062362,0.08991919,-0.53881645,-0.9367683
-0.71348983,-0.7074359,0.08939192,-0.53881645,-0.9367683
-0.85352105,-0.70637804,0.0896267,-0.53881645,-0.9367683
-0.9367683,-0.70329964,0.087128446,-0.53881645,-0.9367683
-0.8951098,-0.69786024,0.08063048,-0.53881645,-0.8951098
-0.8120899,-0.69441795,0.075656585,-0.53881645,-0.86240464
-0.7038712,-0.6932502,0.07426923,-0.53881645,-0.86240464
-0.67429465,-0.6954084,0.076091975,-0.53881645,-0.86240464
-0.6847062,-0.69767046,0.07710503,-0.53881645,-0.86240464
-0.7097151,-0.6979037,0.077083096,-0.53881645,-0.86240464
-0.77721244,-0.6958101,0.07814797,-0.53881645,-0.86240464
-0.741882,-0.6908994,0.08055597,-0.53167593,-0.86240464
-0.66406804,-0.68633133,0.08394021,-0.5134807,-0.86240464
-0.59717566,-0.68475753,0.08507285,-0.5134807,-0.86240464
-0.58566403,-0.6874251,0.08437301,-0.5134807,-0.86240464
-0.6423125,-0.6934478,0.08758099,-0.5134807,-0.88679963
-0.7684632,-0.7003899,0.09655005,-0.5134807,-0.98941845
-0.86240464,-0.70606315,0.10803444,-0.5134807,-1.0521281
-0.85870117,-0.7086045,0.113059685,-0.5134807,-1.0521281
-0.8181924,-0.7076628,0.111996666,-0.5134807,-1.0521281
-0.73215044,-0.70480055,0.11095926,-0.5134807,-1.0521281
-0.6531256,-0.7013408,0.112735204,-0.5134807,-1.0521281
-0.6078793,-0.69944817,0.11431219,-0.5134807,-1.0521281
-0.63439405,-0.6999617,0.11395679,-0.5134807,-1.0521281
-0.7130553,-0.70169634,0.11360509,-0.5134807,-1.0521281
-0.7930753,-0.703868,0.11483264,-0.5134807,-1.0521281
-0.8100421,-0.7056792,0.116920635,-0.5134807,-1.0521281
-0.76249456,-0.7060931,0.11732524,-0.5134807,-1.0521281
-0.6525986,-0.7057416,0.117181994,-0.5134807,-1.0521281
-0.57562304,-0.7053609,0.117384814,-0.5134807,-1.0521281
-0.59045064,-0.7047763,0.1181,-0.5134807,-1.0521281
-0.65103775,-0.703648,0.119448625,-0.5134807,-1.0521281
-0.7581617,-0.70264727,0.12009314,-0.5134807,-1.0521281
-0.760155,-0.7022081,0.11992937,-0.5134807,-1.0521281
-0.7558335,-0.70363337,0.12102799,-0.5134807,-1.0521281
-0.6908993,-0.7051699,0.122163326,-0.5134807,-1.0521281
-0.61595374,-0.70677865,0.12249397,-0.5134807,-1.0521281
-0.6197473,-0.70710176,0.12227513,-0.5134807,-1.0521281
-0.6634086,-0.705412,0.12404162,-0.5134807,-1.0521281
-0.7440077,-0.7028203,0.12622662,-0.5134807,-1.0521281
-0.76652366,-0.6998103,0.12700059,-0.5134807,-1.0521281
-0.73098093,-0.6989759,0.12669621,-0.5134807,-1.0521281
-0.6239891,-0.7007452,0.12774421,-0.5134807,-1.0521281
-0.53881645,-0.70457274,0.1282531,-0.5134807,-1.0521281
-0.5589974,-0.70902765,0.12627137,-0.5134807,-1.0521281
-0.6238327,-0.71133405,0.1245514,-0.5134807,-1.0521281
-0.7066209,-0.71111006,0.12471857,-0.5134807,-1.0521281
-0.6798703,-0.7096927,0.1251634,-0.5134807,-1.0521281
-0.6986381,-0.709679,0.12516671,-0.5134807,-1.0521281
-0.6623643,-0.7111423,0.12545645,-0.5134807,-1.0521281
-0.69742435,-0.71312517,0.12545331,-0.5134807,-1.0521281
-0.66059375,-0.71356183,0.1254359,-0.5134807,-1.0521281
-0.6996024,-0.7136283,0.12540872,-0.5134807,-1.0521281
-0.66479725,-0.712746,0.12565921,-0.5134807,-1.0521281
-0.72300076,-0.71360606,0.12547512,-0.5134807,-1.0521281
-0.7537036,-0.7147422,0.12581185,-0.5134807,-1.0521281
-0.81177986,-0.71735555,0.12793326,-0.5134807,-1.0521281
-0.7873947,-0.71913004,0.12983182,-0.5134807,-1.0521281
-0.69636446,-0.7198121,0.13027743,-0.5134807,-1.0521281
-0.60503983,-0.7203712,0.13023557,-0.5134807,-1.0521281
-0.53167593,-0.7192816,0.13141845,-0.5134807,-1.0521281
-0.5134807,-0.71902484,0.13179658,-0.5134807,-1.0521281
-0.5853807,-0.7190427,0.13176866,-0.51437783,-1.0521281
-0.7305521,-0.7187465,0.13208508,-0.51437783,-1.0521281
-0.88679963,-0.7183721,0.13207763,-0.51437783,-1.0521281
-0.98941845,-0.71743006,0.13103676,-0.51437783,-1.0521281
-1.0521281,-0.714389,0.12637061,-0.51437783,-1.0521281
-0.98946756,-0.7085683,0.11703814,-0.51437783,-0.98946756
-0.8116167,-0.7022602,0.11001753,-0.51437783,-0.9005016
-0.67507964,-0.6992794,0.109028876,-0.51437783,-0.9005016
-0.55916435,-0.69943887,0.108999185,-0.51437783,-0.9005016
-0.55849004,-0.70333534,0.10738539,-0.51437783,-0.9005016
-0.6335574,-0.70858175,0.10658563,-0.51437783,-0.9005016
-0.72112614,-0.7114928,0.10648437,-0.51437783,-0.9005016
-0.8216373,-0.70968515,0.10707092,-0.51437783,-0.9005016
-0.8836371,-0.7031279,0.1100131,-0.49377283,-0.9005016
-0.8307351,-0.6952997,0.11081305,-0.4922248,-0.9005016
-0.74492335,-0.69027513,0.1102524,-0.4922248,-0.9005016
-0.6335608,-0.6888245,0.1100007,-0.4922248,-0.9005016
-0.546396,-0.69227624,0.11091644,-0.4922248,-0.9005016
-0.5340362,-0.69891924,0.11192232,-0.4922248,-0.9005016
-0.6009969,-0.70516783,0.11126206,-0.4922248,-0.9005016
-0.7362064,-0.70850843,0.1105897,-0.4922248,-0.9005016
-0.8314189,-0.70730054,0.11061038,-0.4922248,-0.9005016
-0.8326606,-0.7034935,0.109543584,-0.4922248,-0.9005016
-0.77133495,-0.6991785,0.108615845,-0.4922248,-0.9005016
-0.6321057,-0.6969483,0.10825561,-0.4922248,-0.9005016
-0.53526044,-0.6992299,0.10806697,-0.4922248,-0.9005016
-0.5338253,-0.70450217,0.1063557,-0.4922248,-0.9005016
-0.59351003,-0.7101888,0.10466582,-0.4922248,-0.9005016
-0.7248028,-0.7146299,0.1043312,-0.4922248,-0.9005016
-0.81944793,-0.7157611,0.10474123,-0.4922248,-0.9005016
-0.8153654,-0.7126742,0.103911065,-0.4922248,-0.9005016
-0.76155967,-0.7088239,0.10360087,-0.4922248,-0.9005016
-0.67431885,-0.70495874,0.10515475,-0.4922248,-0.9005016
-0.6126302,-0.70327646,0.10629808,-0.4922248,-0.9005016
-0.63575435,-0.7043912,0.105631806,-0.4922248,-0.9005016
-0.67918515,-0.70747536,0.10583384,-0.4922248,-0.9005016
-0.7718059,-0.70901376,0.10597037,-0.4922248,-0.9005016
-0.7615062,-0.70588,0.10638308,-0.4922248,-0.9005016
-0.7192597,-0.7007953,0.109629005,-0.4922248,-0.9005016
-0.6639133,-0.69632757,0.113276504,-0.4922248,-0.9005016
-0.6554895,-0.6939474,0.11516731,-0.4922248,-0.9005016
-0.7077938,-0.6944651,0.115051396,-0.4922248,-0.9005016
-0.7798137,-0.6958412,0.11561279,-0.4922248,-0.9005016
-0.88437265,-0.6957008,0.115514934,-0.4922248,-0.9005016
-0.9005016,-0.6926415,0.11246288,-0.4922248,-0.9005016
-0.82149494,-0.6882039,0.10848053,-0.4922248,-0.8785421
-0.7243182,-0.68492615,0.10686757,-0.4922248,-0.8785421
-0.5505602,-0.6840526,0.106720425,-0.4922248,-0.8785421
-0.51884234,-0.6882333,0.10549652,-0.4922248,-0.8785421
-0.51437783,-0.6950033,0.10526991,-0.4922248,-0.8785421
-0.57056904,-0.7016451,0.10413431,-0.4922248,-0.8785421
-0.7118299,-0.7051113,0.10258653,-0.4922248,-0.8785421
-0.8396937,-0.70380044,0.10291058,-0.4922248,-0.8785421
-0.8373672,-0.699591,0.10156162,-0.4922248,-0.8785421
-0.7610944,-0.6961049,0.099747926,-0.4922248,-0.8785421
-0.6740635,-0.69509155,0.09933907,-0.4922248,-0.8785421
-0.6625733,-0.69804335,0.10085167,-0.4922248,-0.8785421
-0.6830527,-0.7005728,0.10151422,-0.4922248,-0.8785421
-0.7539922,-0.7014361,0.10154509,-0.4922248,-0.8785421
-0.8208091,-0.6983063,0.10228589,-0.4922248,-0.8785421
-0.7791048,-0.69342226,0.102149986,-0.4922248,-0.8785421
-0.6307504,-0.69052625,0.10173156,-0.4922248,-0.8785421
-0.49377283,-0.69222945,0.101428956,-0.4922248,-0.8785421
-0.4922248,-0.6986477,0.09878667,-0.4922248,-0.8785421
-0.57950646,-0.7053645,0.09589835,-0.4958775,-0.8785421
-0.6723934,-0.70927024,0.09466169,-0.4958775,-0.8785421
-0.8061484,-0.7088225,0.09488776,-0.4958775,-0.8785421
-0.8785421,-0.7035056,0.09671579,-0.4958775,-0.8785421
-0.846468,-0.6971444,0.09544534,-0.4958775,-0.8573391
-0.76802665,-0.6930572,0.09331526,-0.4958775,-0.8573391
-0.6758138,-0.6921685,0.09280726,-0.4958775,-0.8573391
-0.64106554,-0.6929436,0.09282926,-0.4958775,-0.8573391
-0.61691844,-0.6936112,0.09257344,-0.4958775,-0.8573391
-0.65982044,-0.6932624,0.092893995,-0.4958775,-0.8573391
-0.7461867,-0.6922729,0.093506515,-0.4958775,-0.8573391
-0.7988755,-0.6912984,0.09319294,-0.4958775,-0.8573391
-0.8181577,-0.69091344,0.092786685,-0.4958775,-0.8573391
-0.81556106,-0.69030225,0.09204419,-0.4958775,-0.8573391
-0.781366,-0.68924475,0.09089553,-0.4958775,-0.8573391
-0.6650995,-0.6874417,0.089939415,-0.4958775,-0.8573391
-0.6228508,-0.68524873,0.09177538,-0.4958775,-0.8573391
-0.56829923,-0.6840594,0.09295414,-0.4958775,-0.8573391
-0.5902059,-0.6849959,0.09201427,-0.4958775,-0.8573391
-0.66836697,-0.68723243,0.09103695,-0.4958775,-0.8573391
-0.78996533,-0.68851095,0.091211766,-0.4958775,-0.8573391
-0.75610113,-0.6866785,0.0900683,-0.4958775,-0.8573391
-0.6151206,-0.6843889,0.089728884,-0.4958775,-0.8573391
-0.5072725,-0.683769,0.09031045,-0.4958775,-0.8573391
-0.4958775,-0.6857912,0.08742159,-0.4958775,-0.8573391
-0.5448975,-0.68991697,0.083123595,-0.5403031,-0.8573391
-0.6813731,-0.69474554,0.08155677,-0.5403031,-0.8573391
-0.7766053,-0.69678557,0.082467385,-0.5403031,-0.8573391
-0.7727922,-0.69550014,0.08171062,-0.5403031,-0.8573391
-0.7314083,-0.69232446,0.08173049,-0.5403031,-0.8573391
-0.678619,-0.6890736,0.08332817,-0.5403031,-0.8573391
-0.6576029,-0.6875303,0.08421735,-0.5403031,-0.8573391
-0.68063885,-0.6884874,0.08414368,-0.5403031,-0.8573391
-0.7596008,-0.69137084,0.08626873,-0.5403031,-0.8573391
-0.8573391,-0.6925976,0.087655336,-0.5403031,-0.8573391
-0.8464671,-0.6917228,0.086213134,-0.5403031,-0.8464671
-0.74387974,-0.68929297,0.08348652,-0.5403031,-0.8280718
-0.64628476,-0.68903244,0.08333597,-0.5403031,-0.8280718
-0.62922245,-0.6909098,0.08340912,-0.5403031,-0.8280718
-0.66306573,-0.693967,0.083891965,-0.5403031,-0.8280718
-0.7104264,-0.69528246,0.083912775,-0.5403031,-0.8280718
-0.821655,-0.69403154,0.084143564,-0.5403031,-0.8280718
-0.7890484,-0.6879352,0.085703954,-0.51683813,-0.8280718
-0.7262171,-0.6823099,0.088080116,-0.5077881,-0.8280718
-0.59750444,-0.6788797,0.08962955,-0.5077881,-0.8280718
-0.5766081,-0.6806093,0.08887378,-0.5077881,-0.8280718
-0.634301,-0.6842358,0.088253416,-0.5077881,-0.8280718
-0.7159102,-0.68593764,0.08809438,-0.5077881,-0.8280718
-0.8146767,-0.6854508,0.087994605,-0.5077881,-0.8280718
-0.8280718,-0.68113714,0.08683292,-0.5077881,-0.8280718
-0.77479076,-0.67601424,0.08555977,-0.5077881,-0.82481074
-0.6500036,-0.6721318,0.08539361,-0.5077881,-0.82481074
-0.5403031,-0.67308617,0.08540761,-0.5077881,-0.82481074
-0.56048673,-0.6782393,0.085012615,-0.5077881,-0.82481074
-0.642108,-0.6860759,0.09160116,-0.5077881,-0.9523154
-0.72359246,-0.69367355,0.10271902,-0.5077881,-1.0219934
-0.7145686,-0.69882673,0.11027605,-0.5077881,-1.0219934
-0.6744462,-0.7024885,0.113723665,-0.5077881,-1.0219934
-0.5994813,-0.70330995,0.113666475,-0.5077881,-1.0219934
-0.6103406,-0.7053362,0.1126964,-0.5077881,-1.0219934
-0.6974628,-0.70743734,0.1118821,-0.5077881,-1.0219934
-0.77963,-0.7089782,0.11226404,-0.5077881,-1.0219934
-0.78759867,-0.7099329,0.11306102,-0.5077881,-1.0219934
-0.7626825,-0.709973,0.11308882,-0.5077881,-1.0219934
-0.69121206,-0.708986,0.112839565,-0.5077881,-1.0219934
-0.5554541,-0.70713234,0.113872826,-0.5077881,-1.0219934
-0.5633804,-0.70751214,0.1133971,-0.5077881,-1.0219934
-0.61512554,-0.7088313,0.112088814,-0.5077881,-1.0219934
-0.7020346,-0.7107495,0.11128659,-0.5077881,-1.0219934
-0.73229444,-0.7129019,0.1121347,-0.5077881,-1.0219934
-0.6983397,-0.7163385,0.1152657,-0.5077881,-1.0219934
-0.64162046,-0.71979547,0.117249034,-0.5077881,-1.0219934
-0.58412606,-0.72278535,0.11712345,-0.5077881,-1.0219934
-0.6083814,-0.7247436,0.115597345,-0.5077881,-1.0219934
-0.702168,-0.72406244,0.11637881,-0.5077881,-1.0219934
-0.78632796,-0.7205928,0.1195234,-0.5077881,-1.0219934
-0.7833747,-0.716198,0.12105549,-0.5077881,-1.0219934
-0.71232945,-0.7143129,0.12072817,-0.5077881,-1.0219934
-0.6140093,-0.71571624,0.12110421,-0.5077881,-1.0219934
-0.5688681,-0.7190991,0.120577134,-0.5077881,-1.0219934
-0.6014541,-0.7232865,0.11891122,-0.5077881,-1.0219934
-0.70545673,-0.7256287,0.11763493,-0.5077881,-1.0219934
-0.82481074,-0.72402906,0.118439406,-0.5077881,-1.0219934
-0.82094234,-0.7199568,0.118404664,-0.5077881,-1.0219934
-0.81359494,-0.71676683,0.11778792,-0.5077881,-1.0219934
-0.72497493,-0.7156363,0.11712257,-0.5077881,-1.0219934
-0.73085463,-0.71784896,0.11831696,-0.5077881,-1.0219934
-0.7401545,-0.7196633,0.119194716,-0.5077881,-1.0219934
-0.7820781,-0.71954554,0.119177334,-0.5077881,-1.0219934
-0.7288382,-0.7157704,0.120122515,-0.5077881,-1.0219934
-0.6478811,-0.71247184,0.12196875,-0.5077881,-1.0219934
-0.51683813,-0.71133536,0.12282703,-0.5077881,-1.0219934
-0.5077881,-0.7148435,0.11968657,-0.5077881,-1.0219934
-0.55470246,-0.72096413,0.11672999,-0.5286854,-1.0219934
-0.68398255,-0.72699785,0.11577308,-0.5286854,-1.0219934
-0.75793767,-0.73032343,0.116872676,-0.5286854,-1.0219934
-0.7193928,-0.7310833,0.117172904,-0.5286854,-1.0219934
-0.69157183,-0.7307901,0.11722014,-0.5286854,-1.0219934
-0.59899306,-0.731312,0.1171024,-0.5286854,-1.0219934
-0.5719219,-0.73485065,0.11571558,-0.5286854,-1.0219934
-0.5806721,-0.7405541,0.114566684,-0.5286854,-1.0219934
-0.69772017,-0.7452861,0.112736925,-0.5286854,-1.0219934
-0.7979593,-0.74599403,0.112546995,-0.5286854,-1.0219934
-0.9523154,-0.7417369,0.11450948,-0.5286854,-1.0219934
-1.0219934,-0.734157,0.11285116,-0.5286854,-1.0219934
-0.9812557,-0.72635615,0.10595492,-0.5286854,-0.9812557
-0.897652,-0.72099584,0.099507175,-0.5286854,-0.90412426
-0.71552074,-0.7197567,0.09766838,-0.5286854,-0.90412426
-0.7007944,-0.7219628,0.098787084,-0.5286854,-0.90412426
-0.7153923,-0.72374135,0.09918974,-0.5286854,-0.90412426
-0.77450967,-0.7232957,0.09927632,-0.5286854,-0.90412426
-0.8273684,-0.7217743,0.09906245,-0.5286854,-0.90412426
-0.78959745,-0.7205299,0.09811448,-0.5286854,-0.90412426
-0.7133346,-0.72200966,0.09969024,-0.5286854,-0.90412426
-0.59853065,-0.7243437,0.100819536,-0.5286854,-0.90412426
-0.5744384,-0.7264513,0.09925679,-0.5286854,-0.90412426
-0.6293405,-0.72706544,0.09840549,-0.5286854,-0.90412426
-0.71103495,-0.7267156,0.09878267,-0.5286854,-0.90412426
-0.80965376,-0.7259342,0.09905777,-0.5286854,-0.90412426
-0.90412426,-0.72517717,0.09855841,-0.5286854,-0.90412426
-0.8711908,-0.72233224,0.09535281,-0.5286854,-0.8711908
-0.79111576,-0.7187096,0.093041316,-0.5286854,-0.86358386
-0.6820378,-0.7157975,0.09300808,-0.5286854,-0.86358386
-0.57431996,-0.71624017,0.092898965,-0.5286854,-0.86358386
-0.5286854,-0.71957403,0.090711355,-0.5286854,-0.86358386
-0.56659156,-0.72518533,0.087345004,-0.563906,-0.86358386
-0.6891181,-0.72957504,0.084740736,-0.563906,-0.86358386
-0.78249985,-0.7287983,0.085284255,-0.563906,-0.86358386
-0.78314817,-0.72451234,0.087824635,-0.563906,-0.86358386
-0.7782411,-0.71907884,0.092318036,-0.5114702,-0.86358386
-0.71856165,-0.71463346,0.09468324,-0.5114702,-0.86358386
-0.62547535,-0.71308786,0.09523573,-0.5114702,-0.86358386
-0.6211958,-0.71628404,0.09492286,-0.5114702,-0.86358386
-0.66144717,-0.72050005,0.09528661,-0.5114702,-0.86358386
-0.7570734,-0.72467893,0.0971684,-0.5114702,-0.8703947
-0.8356048,-0.7264832,0.098580435,-0.5114702,-0.8703947
-0.8215679,-0.7254266,0.097684264,-0.5114702,-0.8703947
-0.7342684,-0.7220224,0.09723939,-0.5114702,-0.8703947
-0.59332347,-0.7184928,0.09989726,-0.5114702,-0.8703947
-0.563906,-0.71599144,0.10446164,-0.46825522,-0.8703947
-0.59105694,-0.714981,0.10615835,-0.46825522,-0.8703947
-0.6922489,-0.7161747,0.105088376,-0.46825522,-0.8703947
-0.8138174,-0.7173986,0.10515895,-0.46825522,-0.8703947
-0.8563862,-0.7192522,0.10762991,-0.46825522,-0.90649647
-0.85026175,-0.7217281,0.1120874,-0.46825522,-0.98017687
-0.7959341,-0.72330856,0.114421494,-0.46825522,-0.98017687
-0.7047304,-0.7241273,0.11508271,-0.46825522,-0.98017687
-0.7176646,-0.7242844,0.11506147,-0.46825522,-0.98017687
-0.7759277,-0.72252226,0.11582158,-0.46825522,-0.98017687
-0.8570953,-0.71999687,0.11600602,-0.46825522,-0.98017687
-0.81727695,-0.7167757,0.1143791,-0.46825522,-0.98017687
-0.7331136,-0.71576446,0.11370761,-0.46825522,-0.98017687
-0.5851021,-0.7165449,0.11395768,-0.46825522,-0.98017687
-0.57332,-0.71937174,0.11240451,-0.46825522,-0.98017687
-0.63195455,-0.7202269,0.11144869,-0.46825522,-0.98017687
-0.7132374,-0.71726084,0.11565253,-0.46825522,-0.98017687
-0.83569515,-0.7125482,0.120423,-0.46825522,-0.98017687
-0.825823,-0.7072594,0.120704934,-0.46825522,-0.98017687
-0.7897281,-0.70407075,0.11963186,-0.46825522,-0.98017687
-0.6931032,-0.7041443,0.11968563,-0.46825522,-0.98017687
-0.6984415,-0.7062454,0.120393425,-0.46825522,-0.98017687
-0.7651526,-0.7081398,0.120999455,-0.46825522,-0.98017687
-0.86358386,-0.70689726,0.120726295,-0.46825522,-0.98017687
-0.8300345,-0.7015465,0.11958667,-0.46825522,-0.98017687
-0.7039088,-0.6967195,0.11917303,-0.46825522,-0.98017687
-0.6051531,-0.695179,0.11956732,-0.46825522,-0.98017687
-0.61184806,-0.697838,0.1190127,-0.46825522,-0.98017687
-0.6719643,-0.70234954,0.11993952,-0.46825522,-0.98017687
-0.77179915,-0.7056034,0.12127052,-0.46825522,-0.98017687
-0.76187396,-0.704478,0.12091157,-0.46825522,-0.98017687
-0.6900612,-0.7017324,0.12113547,-0.46825522,-0.98017687
-0.64551497,-0.69960314,0.1222525,-0.46825522,-0.98017687
-0.7041656,-0.6988897,0.12266941,-0.46825522,-0.98017687
-0.74101174,-0.6991945,0.122701064,-0.46825522,-0.98017687
-0.8092555,-0.70054513,0.12352288,-0.46825522,-0.98017687
-0.786076,-0.7003507,0.123359226,-0.46825522,-0.98017687
-0.65028137,-0.6995239,0.122919634,-0.46825522,-0.98017687
-0.5682043,-0.69921106,0.123064436,-0.46825522,-0.98017687
-0.5114702,-0.7005155,0.122010015,-0.46825522,-0.98017687
-0.5559745,-0.703658,0.11908899,-0.46825522,-0.98017687
-0.6412761,-0.70727354,0.11728093,-0.46825522,-0.98017687
-0.78528225,-0.7109118,0.11799648,-0.46825522,-0.98017687
-0.83199877,-0.7115513,0.11848343,-0.46825522,-0.98017687
-0.8703947,-0.70964587,0.11729117,-0.46825522,-0.98017687
-0.84728533,-0.705264,0.115279205,-0.46825522,-0.98017687
-0.78277695,-0.69990385,0.11478069,-0.46825522,-0.98017687
-0.65135396,-0.6958471,0.11536295,-0.46825522,-0.98017687
-0.5577937,-0.6960961,0.11528006,-0.46825522,-0.98017687
-0.46825522,-0.70002174,0.113836594,-0.46825522,-0.98017687
-0.51338595,-0.7080547,0.111342326,-0.47760236,-0.98017687
-0.6507389,-0.7153775,0.11033407,-0.47760236,-0.98017687
-0.7534464,-0.71794283,0.11029244,-0.47760236,-0.98017687
-0.90649647,-0.71622664,0.11039418,-0.47760236,-0.98017687
-0.98017687,-0.7087519,0.10990973,-0.47760236,-0.98017687
-0.9292864,-0.69952285,0.106036566,-0.47760236,-0.9292864
-0.836867,-0.6916832,0.10321228,-0.47760236,-0.8795244
-0.7125889,-0.6877655,0.10132757,-0.47760236,-0.8795244
-0.62955433,-0.6883013,0.10152804,-0.47760236,-0.8795244
-0.64966,-0.6909043,0.10165683,-0.47760236,-0.8795244
-0.69604,-0.69236666,0.101578884,-0.47760236,-0.8795244
-0.766714,-0.69059724,0.10226776,-0.47760236,-0.8795244
-0.77213764,-0.68561804,0.10447729,-0.47760236,-0.8795244
-0.7264399,-0.68049103,0.10637833,-0.47760236,-0.8795244
-0.6160787,-0.678403,0.10648049,-0.47760236,-0.8795244
-0.48365396,-0.6804795,0.106256954,-0.47760236,-0.8795244
-0.47760236,-0.6877622,0.10498834,-0.47760236,-0.8795244
-0.5712583,-0.6950289,0.102740675,-0.5157881,-0.8795244
-0.666385,-0.6992057,0.101865426,-0.5157881,-0.8795244
-0.79340655,-0.6999895,0.10176058,-0.5157881,-0.8795244
-0.7981603,-0.6982463,0.100888185,-0.5157881,-0.8795244
-0.79316443,-0.6977105,0.10042622,-0.5157881,-0.8795244
-0.70302045,-0.69889814,0.10188856,-0.5157881,-0.8795244
-0.5960418,-0.7019087,0.10416421,-0.5157881,-0.8795244
-0.5886923,-0.7062485,0.10418327,-0.5157881,-0.8795244
