{
  "type_description_msg": {
    "type_description": {
      "type_name": "interfaces/msg/DroneScope",
      "fields": [
        {
          "name": "timestamp",
          "type": {
            "type_id": 11,
            "capacity": 0,
            "string_capacity": 0,
            "nested_type_name": ""
          },
          "default_value": ""
        },
        {
          "name": "control_output_z",
          "type": {
            "type_id": 11,
            "capacity": 0,
            "string_capacity": 0,
            "nested_type_name": ""
          },
          "default_value": ""
        },
        {
          "name": "target_z",
          "type": {
            "type_id": 11,
            "capacity": 0,
            "string_capacity": 0,
            "nested_type_name": ""
          },
          "default_value": ""
        }
      ]
    },
    "referenced_type_descriptions": []
  },
  "type_hashes": [
    {
      "type_name": "interfaces/msg/DroneScope",
      "hash_string": "RIHS01_91608a829873ed5b95b7f3ea0a87bca7af8154d9557d122fd2d782e28fe26fb6"
    }
  ]
}