{
  "type_description_msg": {
    "type_description": {
      "type_name": "interfaces/msg/GcsHeartbeat",
      "fields": [
        {
          "name": "timestamp",
          "type": {
            "type_id": 11,
            "capacity": 0,
            "string_capacity": 0,
            "nested_type_name": ""
          },
          "default_value": ""
        },
        {
          "name": "gcs_nominal",
          "type": {
            "type_id": 2,
            "capacity": 0,
            "string_capacity": 0,
            "nested_type_name": ""
          },
          "default_value": ""
        }
      ]
    },
    "referenced_type_descriptions": []
  },
  "type_hashes": [
    {
      "type_name": "interfaces/msg/GcsHeartbeat",
      "hash_string": "RIHS01_6222d8e81a1d41d457d66987d0a1d08c10f3fe84bd34bb637988e6c91d36f647"
    }
  ]
}