{
  "type_description_msg": {
    "type_description": {
      "type_name": "interfaces/msg/ProbeSegmentation",
      "fields": [
        {
          "name": "id",
          "type": {
            "type_id": 7,
            "capacity": 0,
            "string_capacity": 0,
            "nested_type_name": ""
          },
          "default_value": ""
        },
        {
          "name": "class_name",
          "type": {
            "type_id": 17,
            "capacity": 0,
            "string_capacity": 0,
            "nested_type_name": ""
          },
          "default_value": ""
        },
        {
          "name": "confidence",
          "type": {
            "type_id": 10,
            "capacity": 0,
            "string_capacity": 0,
            "nested_type_name": ""
          },
          "default_value": ""
        },
        {
          "name": "box",
          "type": {
            "type_id": 154,
            "capacity": 0,
            "string_capacity": 0,
            "nested_type_name": ""
          },
          "default_value": ""
        },
        {
          "name": "mask",
          "type": {
            "type_id": 154,
            "capacity": 0,
            "string_capacity": 0,
            "nested_type_name": ""
          },
          "default_value": ""
        },
        {
          "name": "mask_width",
          "type": {
            "type_id": 7,
            "capacity": 0,
            "string_capacity": 0,
            "nested_type_name": ""
          },
          "default_value": ""
        },
        {
          "name": "mask_height",
          "type": {
            "type_id": 7,
            "capacity": 0,
            "string_capacity": 0,
            "nested_type_name": ""
          },
          "default_value": ""
        }
      ]
    },
    "referenced_type_descriptions": []
  },
  "type_hashes": [
    {
      "type_name": "interfaces/msg/ProbeSegmentation",
      "hash_string": "RIHS01_46f5ab60e2cb22c2cbaee2eef7c81f10cde4c62e0b743234203604ee881ae37a"
    }
  ]
}