{
  "type_description_msg": {
    "type_description": {
      "type_name": "interfaces/action/DroneCommand",
      "fields": [
        {
          "name": "goal",
          "type": {
            "type_id": 1,
            "capacity": 0,
            "string_capacity": 0,
            "nested_type_name": "interfaces/action/DroneCommand_Goal"
          },
          "default_value": ""
        },
        {
          "name": "result",
          "type": {
            "type_id": 1,
            "capacity": 0,
            "string_capacity": 0,
            "nested_type_name": "interfaces/action/DroneCommand_Result"
          },
          "default_value": ""
        },
        {
          "name": "feedback",
          "type": {
            "type_id": 1,
            "capacity": 0,
            "string_capacity": 0,
            "nested_type_name": "interfaces/action/DroneCommand_Feedback"
          },
          "default_value": ""
        },
        {
          "name": "send_goal_service",
          "type": {
            "type_id": 1,
            "capacity": 0,
            "string_capacity": 0,
            "nested_type_name": "interfaces/action/DroneCommand_SendGoal"
          },
          "default_value": ""
        },
        {
          "name": "get_result_service",
          "type": {
            "type_id": 1,
            "capacity": 0,
            "string_capacity": 0,
            "nested_type_name": "interfaces/action/DroneCommand_GetResult"
          },
          "default_value": ""
        },
        {
          "name": "feedback_message",
          "type": {
            "type_id": 1,
            "capacity": 0,
            "string_capacity": 0,
            "nested_type_name": "interfaces/action/DroneCommand_FeedbackMessage"
          },
          "default_value": ""
        }
      ]
    },
    "referenced_type_descriptions": [
      {
        "type_name": "builtin_interfaces/msg/Time",
        "fields": [
          {
            "name": "sec",
            "type": {
              "type_id": 6,
              "capacity": 0,
              "string_capacity": 0,
              "nested_type_name": ""
            },
            "default_value": ""
          },
          {
            "name": "nanosec",
            "type": {
              "type_id": 7,
              "capacity": 0,
              "string_capacity": 0,
              "nested_type_name": ""
            },
            "default_value": ""
          }
        ]
      },
      {
        "type_name": "interfaces/action/DroneCommand_Feedback",
        "fields": [
          {
            "name": "current_pose",
            "type": {
              "type_id": 155,
              "capacity": 0,
              "string_capacity": 0,
              "nested_type_name": ""
            },
            "default_value": ""
          },
          {
            "name": "current_yaw",
            "type": {
              "type_id": 11,
              "capacity": 0,
              "string_capacity": 0,
              "nested_type_name": ""
            },
            "default_value": ""
          }
        ]
      },
      {
        "type_name": "interfaces/action/DroneCommand_FeedbackMessage",
        "fields": [
          {
            "name": "goal_id",
            "type": {
              "type_id": 1,
              "capacity": 0,
              "string_capacity": 0,
              "nested_type_name": "unique_identifier_msgs/msg/UUID"
            },
            "default_value": ""
          },
          {
            "name": "feedback",
            "type": {
              "type_id": 1,
              "capacity": 0,
              "string_capacity": 0,
              "nested_type_name": "interfaces/action/DroneCommand_Feedback"
            },
            "default_value": ""
          }
        ]
      },
      {
        "type_name": "interfaces/action/DroneCommand_GetResult",
        "fields": [
          {
            "name": "request_message",
            "type": {
              "type_id": 1,
              "capacity": 0,
              "string_capacity": 0,
              "nested_type_name": "interfaces/action/DroneCommand_GetResult_Request"
            },
            "default_value": ""
          },
          {
            "name": "response_message",
            "type": {
              "type_id": 1,
              "capacity": 0,
              "string_capacity": 0,
              "nested_type_name": "interfaces/action/DroneCommand_GetResult_Response"
            },
            "default_value": ""
          },
          {
            "name": "event_message",
            "type": {
              "type_id": 1,
              "capacity": 0,
              "string_capacity": 0,
              "nested_type_name": "interfaces/action/DroneCommand_GetResult_Event"
            },
            "default_value": ""
          }
        ]
      },
      {
        "type_name": "interfaces/action/DroneCommand_GetResult_Event",
        "fields": [
          {
            "name": "info",
            "type": {
              "type_id": 1,
              "capacity": 0,
              "string_capacity": 0,
              "nested_type_name": "service_msgs/msg/ServiceEventInfo"
            },
            "default_value": ""
          },
          {
            "name": "request",
            "type": {
              "type_id": 97,
              "capacity": 1,
              "string_capacity": 0,
              "nested_type_name": "interfaces/action/DroneCommand_GetResult_Request"
            },
            "default_value": ""
          },
          {
            "name": "response",
            "type": {
              "type_id": 97,
              "capacity": 1,
              "string_capacity": 0,
              "nested_type_name": "interfaces/action/DroneCommand_GetResult_Response"
            },
            "default_value": ""
          }
        ]
      },
      {
        "type_name": "interfaces/action/DroneCommand_GetResult_Request",
        "fields": [
          {
            "name": "goal_id",
            "type": {
              "type_id": 1,
              "capacity": 0,
              "string_capacity": 0,
              "nested_type_name": "unique_identifier_msgs/msg/UUID"
            },
            "default_value": ""
          }
        ]
      },
      {
        "type_name": "interfaces/action/DroneCommand_GetResult_Response",
        "fields": [
          {
            "name": "status",
            "type": {
              "type_id": 2,
              "capacity": 0,
              "string_capacity": 0,
              "nested_type_name": ""
            },
            "default_value": ""
          },
          {
            "name": "result",
            "type": {
              "type_id": 1,
              "capacity": 0,
              "string_capacity": 0,
              "nested_type_name": "interfaces/action/DroneCommand_Result"
            },
            "default_value": ""
          }
        ]
      },
      {
        "type_name": "interfaces/action/DroneCommand_Goal",
        "fields": [
          {
            "name": "command_type",
            "type": {
              "type_id": 17,
              "capacity": 0,
              "string_capacity": 0,
              "nested_type_name": ""
            },
            "default_value": ""
          },
          {
            "name": "target_pose",
            "type": {
              "type_id": 155,
              "capacity": 0,
              "string_capacity": 0,
              "nested_type_name": ""
            },
            "default_value": ""
          },
          {
            "name": "yaw",
            "type": {
              "type_id": 11,
              "capacity": 0,
              "string_capacity": 0,
              "nested_type_name": ""
            },
            "default_value": ""
          }
        ]
      },
      {
        "type_name": "interfaces/action/DroneCommand_Result",
        "fields": [
          {
            "name": "success",
            "type": {
              "type_id": 15,
              "capacity": 0,
              "string_capacity": 0,
              "nested_type_name": ""
            },
            "default_value": ""
          },
          {
            "name": "message",
            "type": {
              "type_id": 17,
              "capacity": 0,
              "string_capacity": 0,
              "nested_type_name": ""
            },
            "default_value": ""
          }
        ]
      },
      {
        "type_name": "interfaces/action/DroneCommand_SendGoal",
        "fields": [
          {
            "name": "request_message",
            "type": {
              "type_id": 1,
              "capacity": 0,
              "string_capacity": 0,
              "nested_type_name": "interfaces/action/DroneCommand_SendGoal_Request"
            },
            "default_value": ""
          },
          {
            "name": "response_message",
            "type": {
              "type_id": 1,
              "capacity": 0,
              "string_capacity": 0,
              "nested_type_name": "interfaces/action/DroneCommand_SendGoal_Response"
            },
            "default_value": ""
          },
          {
            "name": "event_message",
            "type": {
              "type_id": 1,
              "capacity": 0,
              "string_capacity": 0,
              "nested_type_name": "interfaces/action/DroneCommand_SendGoal_Event"
            },
            "default_value": ""
          }
        ]
      },
      {
        "type_name": "interfaces/action/DroneCommand_SendGoal_Event",
        "fields": [
          {
            "name": "info",
            "type": {
              "type_id": 1,
              "capacity": 0,
              "string_capacity": 0,
              "nested_type_name": "service_msgs/msg/ServiceEventInfo"
            },
            "default_value": ""
          },
          {
            "name": "request",
            "type": {
              "type_id": 97,
              "capacity": 1,
              "string_capacity": 0,
              "nested_type_name": "interfaces/action/DroneCommand_SendGoal_Request"
            },
            "default_value": ""
          },
          {
            "name": "response",
            "type": {
              "type_id": 97,
              "capacity": 1,
              "string_capacity": 0,
              "nested_type_name": "interfaces/action/DroneCommand_SendGoal_Response"
            },
            "default_value": ""
          }
        ]
      },
      {
        "type_name": "interfaces/action/DroneCommand_SendGoal_Request",
        "fields": [
          {
            "name": "goal_id",
            "type": {
              "type_id": 1,
              "capacity": 0,
              "string_capacity": 0,
              "nested_type_name": "unique_identifier_msgs/msg/UUID"
            },
            "default_value": ""
          },
          {
            "name": "goal",
            "type": {
              "type_id": 1,
              "capacity": 0,
              "string_capacity": 0,
              "nested_type_name": "interfaces/action/DroneCommand_Goal"
            },
            "default_value": ""
          }
        ]
      },
      {
        "type_name": "interfaces/action/DroneCommand_SendGoal_Response",
        "fields": [
          {
            "name": "accepted",
            "type": {
              "type_id": 15,
              "capacity": 0,
              "string_capacity": 0,
              "nested_type_name": ""
            },
            "default_value": ""
          },
          {
            "name": "stamp",
            "type": {
              "type_id": 1,
              "capacity": 0,
              "string_capacity": 0,
              "nested_type_name": "builtin_interfaces/msg/Time"
            },
            "default_value": ""
          }
        ]
      },
      {
        "type_name": "service_msgs/msg/ServiceEventInfo",
        "fields": [
          {
            "name": "event_type",
            "type": {
              "type_id": 3,
              "capacity": 0,
              "string_capacity": 0,
              "nested_type_name": ""
            },
            "default_value": ""
          },
          {
            "name": "stamp",
            "type": {
              "type_id": 1,
              "capacity": 0,
              "string_capacity": 0,
              "nested_type_name": "builtin_interfaces/msg/Time"
            },
            "default_value": ""
          },
          {
            "name": "client_gid",
            "type": {
              "type_id": 51,
              "capacity": 16,
              "string_capacity": 0,
              "nested_type_name": ""
            },
            "default_value": ""
          },
          {
            "name": "sequence_number",
            "type": {
              "type_id": 8,
              "capacity": 0,
              "string_capacity": 0,
              "nested_type_name": ""
            },
            "default_value": ""
          }
        ]
      },
      {
        "type_name": "unique_identifier_msgs/msg/UUID",
        "fields": [
          {
            "name": "uuid",
            "type": {
              "type_id": 51,
              "capacity": 16,
              "string_capacity": 0,
              "nested_type_name": ""
            },
            "default_value": ""
          }
        ]
      }
    ]
  },
  "type_hashes": [
    {
      "type_name": "interfaces/action/DroneCommand",
      "hash_string": "RIHS01_750a9c0e20326822751c8f9997846ff0727d7e44a6aab61f33f2fd694ab2ca11"
    },
    {
      "type_name": "builtin_interfaces/msg/Time",
      "hash_string": "RIHS01_b106235e25a4c5ed35098aa0a61a3ee9c9b18d197f398b0e4206cea9acf9c197"
    },
    {
      "type_name": "interfaces/action/DroneCommand_Feedback",
      "hash_string": "RIHS01_36e6d3cbe510f63023420f7535c49e8c6f3ade3124d454b3e511d0acac23f4a4"
    },
    {
      "type_name": "interfaces/action/DroneCommand_FeedbackMessage",
      "hash_string": "RIHS01_cdb5ecb766333e74649ceb2089f0ddbdbb74e5335f57bc47c263fcd2d9356195"
    },
    {
      "type_name": "interfaces/action/DroneCommand_GetResult",
      "hash_string": "RIHS01_a4730c5dc400abc73d2141d437a40ac356706f86e2f5ea8ec3ed0ed060776cb4"
    },
    {
      "type_name": "interfaces/action/DroneCommand_GetResult_Event",
      "hash_string": "RIHS01_e8a2160b390ec5f9b97d2916f100501aeaf2292fedf703c40503d3ba86bf793f"
    },
    {
      "type_name": "interfaces/action/DroneCommand_GetResult_Request",
      "hash_string": "RIHS01_d598ef6e94b256a582fe9dd26db35811b289e713a8e59a90311b3887d7d8e8c4"
    },
    {
      "type_name": "interfaces/action/DroneCommand_GetResult_Response",
      "hash_string": "RIHS01_d725170d2a5763927f9162104e265b60f6afbf282301021926cadc3e9b14fa3d"
    },
    {
      "type_name": "interfaces/action/DroneCommand_Goal",
      "hash_string": "RIHS01_4de008afff66efec30e6a5f73efffe2d52ec393c8a0b3de55454982ca0ab4185"
    },
    {
      "type_name": "interfaces/action/DroneCommand_Result",
      "hash_string": "RIHS01_a9fd457125bdfb753290b8b04a9cdc923d33f81bccbf3d315393cc0222653af6"
    },
    {
      "type_name": "interfaces/action/DroneCommand_SendGoal",
      "hash_string": "RIHS01_1b9e90c5b938acea85d137a097c1053534c43eff5773fc70a6cbd43b95213769"
    },
    {
      "type_name": "interfaces/action/DroneCommand_SendGoal_Event",
      "hash_string": "RIHS01_4bc87762e4a2d3209dbfb01ce5d289e5c4b3279a49f71d689d2a884a05a1bddc"
    },
    {
      "type_name": "interfaces/action/DroneCommand_SendGoal_Request",
      "hash_string": "RIHS01_ba579fad0dd0fd144fa83ab7e749082bcdb44dcfe267a58dd5227214f085b7b9"
    },
    {
      "type_name": "interfaces/action/DroneCommand_SendGoal_Response",
      "hash_string": "RIHS01_2c07a307384b0ff942474534dd674bd4fadf7bdb8db79494a4f0e5f891b72042"
    },
    {
      "type_name": "service_msgs/msg/ServiceEventInfo",
      "hash_string": "RIHS01_41bcbbe07a75c9b52bc96bfd5c24d7f0fc0a08c0cb7921b3373c5732345a6f45"
    },
    {
      "type_name": "unique_identifier_msgs/msg/UUID",
      "hash_string": "RIHS01_1b8e8aca958cbea28fe6ef60bf6c19b683c97a9ef60bb34752067d0f2f7ab437"
    }
  ]
}